Regiono Mopti situas en centro de Malio, havas areon de 79.
Ettenhausen an der Suhl estas komunumo en Germanio.
Großkorbetha estas eksa komunumo kaj nuna parto de la urbo Weißenfels en Germanio.
Anarkiismo kaj bestaj rajtoj ofte estas ligitaj; la anarĥiisma filozofia kaj politika movado kelkmaniere konektiĝas al elementoj de la movado por besta liberiĝo.
203 Pompejo estas granda malhela asteroido de la asteroida zono.
La franca Ordeno de agrikultura Merito estas honorordeno fondita en Francio la 7-an de julio 1883 de la ministro pri agrikulturo Jules Méline por rekompenci servojn al agrikulturo.
San Luis Acatlán estas unu el la 81 komunumoj de la meksika subŝtato Guerrero, kiu situas en la centra suda parto de Meksiko, ĉirkaŭ 400 km sudokcidente de la ĉefurbo Meksikurbo.
Ĉi tiu artikolo estas pri domajno de la alta nivelo.
Tiu ĉi artikolo temas pri nuntempa departemento en Hungario.
Cape Canaveral estas la nomo de geografia regiono en la orienta marbordo de Florido, Usono, kie troviĝas: samnoma usona urbo Cape Canaveral, raketlanĉejo de U.
Johann Christoph Bach (* 8-a de decembro 1642 en Arnstadt; † 31-a de marto 1703 en Eisenach), la filo de Heinrich Bach, estis Germana orgenisto kaj komponisto.
Gvenoleo aŭ sankta Gvenoleo estas fama sanktulo de Bretonujo kaj fondinto de la abatejo Sankta-Gvenoleo de Landévennec.
Gwangjong de Goryeo (고려광종 高麗光宗, 925 - 23-a de majo 975) ankaŭ konata kiel imperiestro Gwangjong estis la 4-a reganto (947-975) de la korea dinastio Goryeo.
(5452) 1937 NN estas malbone konata asteroido de la asteroida zono, malkovrita la 5-an de julio 1937 de la sud-afrika astronomo Cyril V.
Oroonoko [orunoko] estas mallonga romano verkita de la angla verkistino Aphra Behn kaj eldonita en 1688.
"19766 Katiedavis estas malbone konata asteroido de la asteroida zono malkovrita la 24-an de julio 2000 en la kadro la kampanjo ""LINEAR"" (Lincoln Near-Earth Asteroid Research) elde la situejo de Socorro de la Laboratorio Lincoln (Nov-Meksiko, Usono).
(7938) 1990 SL2 estas malbone konata asteroido de la asteroida zono, malkovrita la 17-an de septembro 1990 de la usona astronomo Henry E.
"Swakopmund (Germane por ""Elfluo de Swakop"") estas urbo ĉe la marbordo de nordokcidenta Namibio, je 280 km okcidente de Windhoek, nome la ĉefrubo de Namibio.
"Nicolas BOILEAU, alinomata Boileau-Despréaux u0097 naskiĝis la 1-an de novembro 1636 ĉu en Crosne, aŭ en Parizo u0097 mortis la 13-an de marto 1711 en Parizo u0097 estis franca poeto kaj verkisto.
Seijo aŭ Sejjo (japane: 西予市 [sei-jo-shi]) estas urbo, situanta en Gubernio Ehime, en Japanio.
Luigi BOCCHERINI [Luiĝi Bokerini] (naskiĝis la 19-an de februaro 1743 en Lucca, Italio; mortis la 28-an de majo 1805 en Madrid, Hispanio) estis itala komponisto kaj violonĉelisto.
Pecorino (el la itala: pecora, ŝafo; prononcu: pekorino) estas itala fromaĝo el ŝafolakto kun 48% da graso kaj protektita devennomo.
En matematiko, triangulo de Schwarz estas sfera triangulo kiu povas esti uzata por kaheli sferon.
Weißbach estas komunumo en Germanio.
Schwarzenbek-Land estas komunumaro en Germanio.
Athens (esperantigita Ateno) estas urbo en Kantono Clarke, Georgio, Usono en la nordorienta parto de la ŝtato, ĉe la orienta finstacio de la ŝoseo Georgia 316.
Princino Leila de Irano (Leila Pahlavi) (Perse: لیلا پهلوی); ‎27-an de marto 1970 en Tehrano – 10-an de junio 2001 en Londono) estis princino de Irano, la plej juna filino de ŝaho Mohammad Reza Pahlavi kaj lia tria edzino Farah Pahlavi.
La Klasifiko de la Kongresa Biblioteko aŭ en angla Library of Congress Classification (LCC) estas sistemo de biblioteka klasifiko disvolvigita de la Kongresa Biblioteko.
Ridderkerk estas komunumo en la nederlanda provinco Zuid-Holland.
13473 Hokema estas malbone konata asteroido de la asteroida zono, malkovrita la 7-an de aprilo 1953 de la germana astronomo Karl Wilhelm Reinmuth elde la Nacia Observatorio de Hejdelbergo - Königstuhl (Germanio).
"Bromata acido aŭ HBrO3, estas broma oksoacido, kie la bromatomo prezentas oksidonombron +5, kaj kiu ekzistas nur en akva solvaĵo.
La Rosĉilda ĝirafo (Giraffa camelopardalis rothschildi) estas unu el plej endanĝerita subspecio de ĝirafo, kun nur kelkaj centoj da membroj en naturo.
Stacio Sannomiya (japane: 三ノ宮駅 [Sannomija-eki], angle: Sannomiya Station) estas fervoja stacio en Kvartalo Chūō, Kobe, Gubernio Hjogo, Japanio.
"Carlos Domingos Gomes Júnior (naskiĝis la 19-an de decembro 1949) estas la aktuala ĉefministro de Gvineo Bisaŭa.
"Yosegi (japane: 寄木) aŭ yosegi-zaiku (寄木細工), estas tradicia japana ligna mozaiko, kiu originis dum la fino de la Edo-epoko.
"La Speciala Komitato pri Malkoloniigo (konata ankaŭ kiel U.
Mad (hungare Nagymad) estas vilaĝo en Slovakio en regiono Trnava, en distrikto Dunajská Streda.
Léhon estas urbo de Francio, kiu troviĝas en la departemento Côtes-d'Armor kaj la regiono Bretonio.
La Universala Domo de Justeco (fondita en 1963) estas la superega institucio de la Bahaa Kredo.
La ĝenerala baloto de Alberto en 1921 estis la kvina ĝenerala baloto de la kanada provinco Alberto.
"Li mortis aĝa de 80 jaroj.
"9913 Humperdinck estas malbone konata asteroido de la asteroida zono, malkovrita la 16-an de oktobro 1977 de la usona astronomo Tom Gehrels de la Observatorio de la Monto Palomar kaj de la nederlandaj geastronomoj Ingrid van Houten-Groeneveld kaj Cornelis Johannes van Houten, de la observatorio de Leiden (Nederlando) en la kadro de la ""Tria Enketo pri Trojanoj"" (angle : Third Trojan Survey).
Pokalo Gagarin aŭ Gagarina Pokalo (русский Кубок Гагарина, Kubok Gagarina) estas porvenka pokala trofeo prezentita al la venkinto de la Kontinenta Glacihokea Ligo, kaj estas nomata laŭ la kosmonaŭto Juri Gagarin, nome la unua homo kiu iris en la kosmon.
Barretos estas municipo, urbego kaj diocezo de la brazila subŝtato San-Paŭlio.
Sant’Antonino estas komunumo de la komunumaro Giubiasco kaj la distrikto Belinzono en Kantono Tiĉino, Svislando.
"Venusrekonta asteroido estas asteroido, kies orbito proksimas aŭ krucas tiun de Venuso.
Architecture in Helsinki (aŭ en Esperanto, Arkitekturo en Helsinko) estas Aŭstralia sendependa, avangarda rokbando de Fitzrojo, Melburno.
La libia arbuto (Arbutus pavarii) estas palearktisa plantospecio el la familio de la erikacoj.
Čečejovce, hungare Csécs (ĉEĉ) estas vilaĝo en Slovakio, en Regiono Košice, en Distrikto Košice-ĉirkaŭaĵo.
"Martiros Sarjan (armene: Մարտիրոս Սարյան) (n.
La Verbandsgemeinde Hettenleidelheim estas komunumaro en Germanio, ĉirkaŭ la centra komunumo Hettenleidelheim.
"Stephen CRANE (naskiĝis je la 1-a de novembro 1871 en Newark (Nov-Ĵerzejo) - mortis en Badenweiler en Germanio je la 5-a de junio 1900) estis usona verkisto.
Marvan Barguti aŭ Marŭan Barguti (arabe مروان البرغوثي Marwān al-Barghūthī, palestin-arabe Marwān il-Barghūthi; naskiĝis la 6-an de junio 1958 en Ramallah) estas palestina politikisto kaj enprizonigita teroristo (el israela vidpunkto).
2531 Kembriĝo estas malgranda hela asteroido de la asteroida zono, malkovrita la 11-an de junio 1980 de la usona astronomo Edward L.
Francolise estas komunumo de Italio.
Peffingen estas komunumo en Germanio.
Tieso estas la kvina granda urbo de Senegalio kun loĝantaro de 237.
Moringen estas urba komunumo en Germanio.
"13064 Haemhouts estas malbone konata asteroido de la asteroida zono, malkovrita la 6-an de aŭgusto 1991 de la belga astronomo Eric Walter Elst elde la Observatorio La Silla (Ĉilio).
"16112 Vitaris estas malbone konata asteroido de la asteroida zono malkovrita la 5-an de decembro 1999 dum la kampanjo ""LINEAR"" (Lincoln Near-Earth Asteroid Research) elde la situejo de Socorro de la Laboratorio Lincoln (Nov-Meksiko, Usono).
American Relief Administration (Usona Helpa Asocio (Administrado)) estis usona helpa misio al Eŭropo kaj poste al Sovetrusio, post la unua mondmilito.
Rondinha estas municipo en la brazila subŝtato Suda Rio-Grando, kiu havis 5.
Grömbach estas komunumo en Germanio.
La Germana teknika muzeo Berlino estas granda muzeo pri tekniko.
Rakovac, serbe Раковац, hungare Dombó estas vilaĝo en Serbio, en aŭtonomio Vojvodino, en Srem (regiono), en distrikto Suda Baĉka, en municipo de Beoĉin.
22pxStare Bielany estas metrostacio de la unua linio de metroo de Varsovio.
"Drako Longa, aŭ laŭ praskandinava sinonimo Serpento Longa (""Ormurin Langi""), estis ŝipo de norvega reĝo Olav Trygvason en la batalo ĉe Svolder en jaro 1000, kie lin venkis dana kaj sveda reĝoj kun siaj mararmeoj.
La Karpaltunela sindromo estas medicina nocio.
834 Burnhamia estas mezgranda malhela asteroido de la ĉefa asteroida zono, malkovrita de la germana astronomo Max Wolf elde la Nacia Observatorio de Hejdelbergo - Königstuhl la 20-an de septembro 1916.
Municipo Horky situas en Ĉeĥio, regiono Pardubice, distrikto Svitavy, en valo de rivero Loučná, 8 km nordokcidente de urbo Litomyšl.
"Moŝe ARENS (hebree משה ארנס; naskiĝis la 27-an de decembro 1925(nun 1925-12-27) en Kaŭno, Litovio, do nun 90-jara) estas israela politikisto kaj aviada inĝeniero.
Roteiro estas municipo de la brazila subŝtato Alagoaso, kiu taksis 6.
Ŝarif-Kabunsuano - angle Shariff Kabunsuan - estas provinco de la Filipinoj, instalita en 2006, kies oficialeco estas pridisputata.
Deerlijk (nederlande:[DE:Rl'k]) estas municipo en Belgio.
Álvaro Vargas Llosa (Lima, 1966) estas ĵurnalisto, politikologo kaj eseisto perua de tendenco liberala kaj kontraŭsocialisma sed kritika de novliberalismo latinamerika de la 1990-aj jaroj.
Ŝi estas fratino de la kantistino Natalie Imbruglia.
"9818 Eŭrimako estas malbone konata troja asteroido orbitanta ĉe la punkto de Lagrange L4 de la sistemo Suno-Jupitero, en la ""Greka Tendaro"".
Alaska, arta nomo de Olvido Gara Jova (Meksikurbo, 13-a de junio de 1963) estas kantistino, aktorino kaj entreprenistino hispana kaj unu de la figuroj de la Madrida Movida.
En matematiko, la mezo-kvadrata maniero estas maniero generi pseŭdohazardajn nombrojn.
Sarongo estas jupo, kiu konsistas el kunkudritaj ŝtofpecoj.
"La masakro de Sabra kaj Ŝatila estas internacie konata masakro kiu okazis en septembro 1982, en la palestinaj refuĝejoj de Sabra kaj Ŝatila, en Libano.
La flago de la Kokosinsuloj estis kreita en la jaro 2003 kaj adoptita la 6-an de aprilo 2004.
Geschendorf estas komunumo en Germanio.
La Verbandsgemeinde Maikammer estas komunumaro en Germanio, kiu ekestis dum administra reformo de la jaro 1972 kaj konsistas el la unuopaj komunumoj Kirrweiler, Maikammer kaj Sankt Martin.
"20644 Amritdas estas malbone konata asteroido de la asteroida zono malkovrita la 7-an de oktobro 1999 en la kadro la kampanjo ""LINEAR"" (Lincoln Near-Earth Asteroid Research) elde la situejo de Socorro de la Laboratorio Lincoln (Nov-Meksiko, Usono).
Elmer John GEDEON (naskiĝis la 15-an de aprilo 1917 en Cleveland, Ohio, Usono; mortis la 20-an de aprilo 1944 ĉe Saint-Pol, Francujo) estis basbalisto, kiu mortis dum milita agado en la dua mondmilito.
La Preĝejo de la Dek du Apostoloj (ruse:) estas malpli grava katedralo de la Kremlo en Moskvo, konstruigita de la Patriarko Nikono kiel parto de lia majesta loĝejo en 1653 kaj dediĉita al Sankta Filipo tri jarojn poste.
En geometrio, malfinia dekliva pluredro estas etendita noсio de pluredroj, kreita el plurlateraj edroj kun neebenaj verticaj figuroj.
La Erkela frankolino (Francolinus erckelii) estas birdo de la familio de Fazanedoj de la ordo de Kokoformaj kaj grupo de afrikaj frankolinoj.
Chénens (malnova germanlingva nomo: Geiningen) estas komunumo en la distrikto Sarino en Kantono Friburgo, Svislando.
"La Kredita Unio estas kooperativa financa institucio.
Győr [djoer] Dosiero:Hu-Györ.
Ernő Mihályfi [mihAjfi], laŭ hungarlingve kutima sinsekvo Mihályfi Ernő estis hungara ĵurnalisto, redaktoro, ministro, parlamentano.
"La grado estas angula mezurunuo kiu egalas al π / 180 radianoj, al naŭdekono de orto, aŭ al 10/9 gradusoj.
En majo 1583 iama generalo de Oda Nobunaga, nomita Shibata Katsuie, koordonis nombron de samtempaj atakoj al fortikaĵoj, kredante ke Toyotomi Hideyoshi ne povus defendi ĉiujn kastelojn samtempe.
Kino > Aktoroj > Vanessa REDGRAVE < TeatroVanessa REDGRAVE (naskiĝis la 30-an de januaro, 1937) estas brita aktorino.
Mezlernejojn, kiuj kune instruas ĉiujn lernantojn de sama aĝo post la elementa lernejo, do ne diferencigas laŭ dezirata posta profesio aŭ studado kaj ne grupigas la lernantojn laŭ kapabloj en diversaj tipoj de mezlernejo (baza mezlernejo, teknikumo, gimnazio.
Kravato (el la franca: cravate) estas eta koltuko, kiun oni nodas antaŭ la kolo, kutime sub kolumo de ĉemizo.
Montroy [mɔ̃ʁwa] estas franca komunumo en la departemento Charente-Maritime, en la regiono Puatuo-Ĉarentoj.
Willebrord Snell (naskiĝis en 1580 en Leiden, mortis la 30-an de oktobro 1626 en Leiden), ankaŭ konata kiel Willebrord Snell van Royen aŭ Snellius, estis nederlanda astronomo kaj matematikisto, fama pro la leĝo pri refrakto nomita leĝo de Snell-Descartes.
